{"train_acc": 64.71399688720703, "train_loss": 6.122620899505615, "test_acc": 54.03999710083008, "test_loss": 2.221287316131592, "test_acc_top5": 81.97000122070312, "_timestamp": 1667373751.3407624, "_runtime": 722.559404373169, "_step": 24, "_wandb": {"runtime": 721}}