{"train_acc": 12.76200008392334, "train_loss": 614.0641346679688, "test_acc": 13.649999618530273, "test_loss": 4.934079788970947, "test_acc_top5": 36.86000061035156, "_timestamp": 1667445905.0140188, "_runtime": 836.9577476978302, "_step": 24, "_wandb": {"runtime": 836}}