{"train_acc": 64.6259994506836, "train_loss": 5.605420519866944, "test_acc": 56.939998626708984, "test_loss": 1.7608937545776366, "test_acc_top5": 84.93999481201172, "_timestamp": 1667422440.237821, "_runtime": 540.9209151268005, "_step": 24, "_wandb": {"runtime": 540}}