{"train_acc": 66.40999603271484, "train_loss": 6.084870626525879, "test_acc": 52.84000015258789, "test_loss": 2.190651406288147, "test_acc_top5": 82.08999633789062, "_timestamp": 1667372530.7874851, "_runtime": 795.6553430557251, "_step": 24, "_wandb": {"runtime": 795}}