{"train_acc": 64.88199615478516, "train_loss": 5.584912891235351, "test_acc": 54.099998474121094, "test_loss": 2.0237990787506104, "test_acc_top5": 84.16999816894531, "_timestamp": 1667368988.9700286, "_runtime": 585.1263196468353, "_step": 24, "_wandb": {"runtime": 584}}