{"train_acc": 64.8499984741211, "train_loss": 5.594350379486084, "test_acc": 53.68000030517578, "test_loss": 2.017136128425598, "test_acc_top5": 82.15999603271484, "_timestamp": 1667352767.6996017, "_runtime": 486.3018527030945, "_step": 24, "_wandb": {"runtime": 485}}