{"train_acc": 66.20800018310547, "train_loss": 6.122209507598877, "test_acc": 55.689998626708984, "test_loss": 1.9652559045791627, "test_acc_top5": 83.65999603271484, "_timestamp": 1667448583.2971103, "_runtime": 793.8795354366302, "_step": 24, "_wandb": {"runtime": 793}}