{"train_acc": 64.69599914550781, "train_loss": 6.526579500427246, "test_acc": 58.71999740600586, "test_loss": 1.809150908088684, "test_acc_top5": 85.5999984741211, "_timestamp": 1667396508.5586753, "_runtime": 781.0170652866364, "_step": 24, "_wandb": {"runtime": 780}}