{"train_acc": 64.78800201416016, "train_loss": 5.6146797605896, "test_acc": 56.279998779296875, "test_loss": 1.809211880493164, "test_acc_top5": 84.75999450683594, "_timestamp": 1667357767.7260764, "_runtime": 562.5100593566895, "_step": 24, "_wandb": {"runtime": 561}}