{"train_acc": 66.70600128173828, "train_loss": 6.031399698486328, "test_acc": 49.59000015258789, "test_loss": 2.75746382522583, "test_acc_top5": 80.61000061035156, "_timestamp": 1667429547.1670444, "_runtime": 747.1922934055328, "_step": 24, "_wandb": {"runtime": 746}}