{"train_acc": 64.56199645996094, "train_loss": 6.129514816436767, "test_acc": 52.23999786376953, "test_loss": 2.4129264846801757, "test_acc_top5": 80.61000061035156, "_timestamp": 1667430676.214884, "_runtime": 679.5515561103821, "_step": 24, "_wandb": {"runtime": 678}}