{"train_acc": 66.57799530029297, "train_loss": 6.157952856445313, "test_acc": 55.32999801635742, "test_loss": 2.195308780479431, "test_acc_top5": 83.18999481201172, "_timestamp": 1667411925.1034439, "_runtime": 763.7899248600006, "_step": 24, "_wandb": {"runtime": 763}}