{"train_acc": 64.37999725341797, "train_loss": 6.778636084594726, "test_acc": 51.82999801635742, "test_loss": 2.217460050582886, "test_acc_top5": 82.75999450683594, "_timestamp": 1667436496.7417886, "_runtime": 515.9486265182495, "_step": 24, "_wandb": {"runtime": 515}}