{"train_acc": 65.83200073242188, "train_loss": 2.484648600769043, "test_acc": 48.709999084472656, "test_loss": 2.4413245071411134, "test_acc_top5": 77.5, "_timestamp": 1667390884.9230618, "_runtime": 638.1278529167175, "_step": 24, "_wandb": {"runtime": 637}}