{"train_acc": 63.08199691772461, "train_loss": 5.5857304479980465, "test_acc": 53.65999984741211, "test_loss": 2.09359437789917, "test_acc_top5": 82.62999725341797, "_timestamp": 1667353944.7614691, "_runtime": 413.58610105514526, "_step": 24, "_wandb": {"runtime": 412}}