{"train_acc": 24.763999938964844, "train_loss": 78.12969662353515, "test_acc": 26.56999969482422, "test_loss": 3.145381623840332, "test_acc_top5": 55.939998626708984, "_timestamp": 1667421090.7380247, "_runtime": 520.5266306400299, "_step": 24, "_wandb": {"runtime": 519}}