{"train_acc": 64.62999725341797, "train_loss": 7.682984176025391, "test_acc": 53.459999084472656, "test_loss": 2.1648503318786623, "test_acc_top5": 82.97999572753906, "_timestamp": 1667433815.991741, "_runtime": 559.3429520130157, "_step": 24, "_wandb": {"runtime": 558}}