{"train_acc": 62.81599807739258, "train_loss": 5.612171141967774, "test_acc": 55.1099967956543, "test_loss": 1.9367382328033447, "test_acc_top5": 82.63999938964844, "_timestamp": 1667398348.1350374, "_runtime": 474.42877531051636, "_step": 24, "_wandb": {"runtime": 473}}