{"train_acc": 62.797996520996094, "train_loss": 5.653294676971435, "test_acc": 47.18000030517578, "test_loss": 2.4874226989746093, "test_acc_top5": 76.13999938964844, "_timestamp": 1667449075.7736228, "_runtime": 480.2200417518616, "_step": 24, "_wandb": {"runtime": 479}}