{"train_acc": 64.69400024414062, "train_loss": 6.084550096588135, "test_acc": 57.13999938964844, "test_loss": 2.015855339241028, "test_acc_top5": 84.07999420166016, "_timestamp": 1667359913.3523521, "_runtime": 785.1886532306671, "_step": 24, "_wandb": {"runtime": 784}}