{"train_acc": 64.6259994506836, "train_loss": 6.182393572998047, "test_acc": 53.54999923706055, "test_loss": 2.292797407913208, "test_acc_top5": 81.6199951171875, "_timestamp": 1667413100.2238824, "_runtime": 701.9531815052032, "_step": 24, "_wandb": {"runtime": 701}}