{"train_acc": 13.935999870300293, "train_loss": 596.0608473046875, "test_acc": 13.880000114440918, "test_loss": 6.324632601928711, "test_acc_top5": 36.619998931884766, "_timestamp": 1667447229.3497946, "_runtime": 780.3402745723724, "_step": 24, "_wandb": {"runtime": 779}}