{"train_acc": 65.93599700927734, "train_loss": 6.85348570678711, "test_acc": 55.66999816894531, "test_loss": 1.9316840744018555, "test_acc_top5": 84.72999572753906, "_timestamp": 1667434655.3923166, "_runtime": 827.7614586353302, "_step": 24, "_wandb": {"runtime": 827}}