{"train_acc": 66.1500015258789, "train_loss": 6.0810490007019045, "test_acc": 55.64999771118164, "test_loss": 1.9648733718872071, "test_acc_top5": 85.02999877929688, "_timestamp": 1667355946.9017968, "_runtime": 779.7474517822266, "_step": 24, "_wandb": {"runtime": 779}}