{"train_acc": 64.82799530029297, "train_loss": 8.262618157043457, "test_acc": 57.82999801635742, "test_loss": 1.7012129693984985, "test_acc_top5": 85.77999877929688, "_timestamp": 1667426646.2831185, "_runtime": 1941.2477414608002, "_step": 24, "_wandb": {"runtime": 1940}}