{"train_acc": 62.98999786376953, "train_loss": 5.608997041473389, "test_acc": 53.21999740600586, "test_loss": 2.023073065185547, "test_acc_top5": 81.36000061035156, "_timestamp": 1667356404.7117655, "_runtime": 447.86203241348267, "_step": 24, "_wandb": {"runtime": 447}}