{"train_acc": 64.802001953125, "train_loss": 6.675994262695313, "test_acc": 53.73999786376953, "test_loss": 2.233787825393677, "test_acc_top5": 82.31999969482422, "_timestamp": 1667410622.6767476, "_runtime": 792.0111095905304, "_step": 24, "_wandb": {"runtime": 791}}