{"train_acc": 66.22999572753906, "train_loss": 6.095150591583252, "test_acc": 57.39999771118164, "test_loss": 1.909848281288147, "test_acc_top5": 84.77999877929688, "_timestamp": 1667386560.803967, "_runtime": 772.0988240242004, "_step": 24, "_wandb": {"runtime": 769}}