{"train_acc": 64.7239990234375, "train_loss": 5.710231302185059, "test_acc": 56.16999816894531, "test_loss": 1.8027402059555053, "test_acc_top5": 84.27999877929688, "_timestamp": 1667401260.4908245, "_runtime": 1942.8065345287323, "_step": 24, "_wandb": {"runtime": 1942}}