{"train_acc": 65.2699966430664, "train_loss": 6.479790170288086, "test_acc": 54.93000030517578, "test_loss": 1.9966573818206788, "test_acc_top5": 83.16999816894531, "_timestamp": 1667406651.6560605, "_runtime": 781.9327774047852, "_step": 24, "_wandb": {"runtime": 781}}