{"train_acc": 27.7239990234375, "train_loss": 65.53786518798829, "test_acc": 27.579999923706055, "test_loss": 3.105759446334839, "test_acc_top5": 58.3599967956543, "_timestamp": 1667420559.9528627, "_runtime": 847.1755466461182, "_step": 24, "_wandb": {"runtime": 846}}