{"train_acc": 65.2719955444336, "train_loss": 5.558136146087646, "test_acc": 47.48999786376953, "test_loss": 2.4735759216308595, "test_acc_top5": 77.88999938964844, "_timestamp": 1667378040.0622492, "_runtime": 488.49564719200134, "_step": 24, "_wandb": {"runtime": 487}}