{"train_acc": 64.3499984741211, "train_loss": 60.880804410400394, "test_acc": 57.14999771118164, "test_loss": 1.8542294258117675, "test_acc_top5": 84.48999786376953, "_timestamp": 1667432466.6418178, "_runtime": 454.2676649093628, "_step": 24, "_wandb": {"runtime": 453}}