{"train_acc": 66.83000183105469, "train_loss": 6.0511953826904294, "test_acc": 55.40999984741211, "test_loss": 1.9578288261413574, "test_acc_top5": 85.13999938964844, "_timestamp": 1667353520.986371, "_runtime": 741.2676000595093, "_step": 24, "_wandb": {"runtime": 740}}