{"train_acc": 63.02399826049805, "train_loss": 5.603635707702637, "test_acc": 56.119998931884766, "test_loss": 1.9409805797576904, "test_acc_top5": 83.25, "_timestamp": 1667370375.303446, "_runtime": 520.6499011516571, "_step": 24, "_wandb": {"runtime": 520}}