{"train_acc": 63.073997497558594, "train_loss": 5.590499251098633, "test_acc": 51.94999694824219, "test_loss": 2.1949859260559084, "test_acc_top5": 80.75999450683594, "_timestamp": 1667377473.0699208, "_runtime": 1530.7753927707672, "_step": 24, "_wandb": {"runtime": 1530}}