{"train_acc": 66.2959976196289, "train_loss": 6.062667319030762, "test_acc": 56.53999710083008, "test_loss": 1.9237647451400757, "test_acc_top5": 84.57999420166016, "_timestamp": 1667397863.0247102, "_runtime": 791.48366522789, "_step": 24, "_wandb": {"runtime": 790}}