{"train_acc": 63.317996978759766, "train_loss": 5.582549568710327, "test_acc": 55.81999969482422, "test_loss": 1.9247629180908203, "test_acc_top5": 83.11000061035156, "_timestamp": 1667429981.678002, "_runtime": 420.35914516448975, "_step": 24, "_wandb": {"runtime": 419}}