{"train_acc": 63.157997131347656, "train_loss": 5.592485310211182, "test_acc": 52.39999771118164, "test_loss": 2.2281154287338256, "test_acc_top5": 82.25999450683594, "_timestamp": 1667367372.7600477, "_runtime": 553.8528456687927, "_step": 24, "_wandb": {"runtime": 553}}