{"train_acc": 63.1719970703125, "train_loss": 6.4135736595153805, "test_acc": 47.349998474121094, "test_loss": 2.5845208396911623, "test_acc_top5": 78.29999542236328, "_timestamp": 1667409819.5269213, "_runtime": 497.1243431568146, "_step": 24, "_wandb": {"runtime": 493}}