{"train_acc": 61.32600021362305, "train_loss": 7.0014576202392576, "test_acc": 53.44999694824219, "test_loss": 2.161582012748718, "test_acc_top5": 81.8699951171875, "_timestamp": 1667407900.5037763, "_runtime": 766.1823122501373, "_step": 24, "_wandb": {"runtime": 765}}