{"train_acc": 10.656000137329102, "train_loss": 755.92528546875, "test_acc": 11.029999732971191, "test_loss": 6.434506406402588, "test_acc_top5": 30.35999870300293, "_timestamp": 1667446438.3380094, "_runtime": 518.3528952598572, "_step": 24, "_wandb": {"runtime": 517}}