{"train_acc": 64.45999908447266, "train_loss": 6.085218874969482, "test_acc": 54.79999923706055, "test_loss": 2.291853026008606, "test_acc_top5": 82.5999984741211, "_timestamp": 1667399088.4024327, "_runtime": 726.4390556812286, "_step": 24, "_wandb": {"runtime": 725}}