{"train_acc": 64.78399658203125, "train_loss": 5.605935040893555, "test_acc": 52.53999710083008, "test_loss": 2.044653310394287, "test_acc_top5": 81.68000030517578, "_timestamp": 1667365545.099645, "_runtime": 656.4227077960968, "_step": 24, "_wandb": {"runtime": 655}}