{"train_acc": 66.72000122070312, "train_loss": 7.332200692749024, "test_acc": 57.8599967956543, "test_loss": 1.6581290462493896, "test_acc_top5": 85.45999908447266, "_timestamp": 1667405857.4394147, "_runtime": 511.78101682662964, "_step": 24, "_wandb": {"runtime": 511}}