{"train_acc": 64.32599639892578, "train_loss": 6.331839923095703, "test_acc": 54.3599967956543, "test_loss": 1.9881091327667237, "test_acc_top5": 83.6500015258789, "_timestamp": 1667394319.7948327, "_runtime": 589.8431327342987, "_step": 24, "_wandb": {"runtime": 589}}