{"train_acc": 53.14799880981445, "train_loss": 35.32052185791016, "test_acc": 43.21999740600586, "test_loss": 2.608209172821045, "test_acc_top5": 73.68999481201172, "_timestamp": 1667453560.4980552, "_runtime": 1530.2785241603851, "_step": 24, "_wandb": {"runtime": 1529}}