{"train_acc": 64.7239990234375, "train_loss": 6.090156278076172, "test_acc": 54.14999771118164, "test_loss": 2.2625346950531005, "test_acc_top5": 81.87999725341797, "_timestamp": 1667387738.9499657, "_runtime": 702.7830867767334, "_step": 24, "_wandb": {"runtime": 702}}