{"train_acc": 64.77400207519531, "train_loss": 5.70545621307373, "test_acc": 54.09000015258789, "test_loss": 2.083409506034851, "test_acc_top5": 82.72000122070312, "_timestamp": 1667411149.6964672, "_runtime": 513.2120671272278, "_step": 24, "_wandb": {"runtime": 512}}