{"train_acc": 64.56800079345703, "train_loss": 6.13804265838623, "test_acc": 55.78999710083008, "test_loss": 2.048714217567444, "test_acc_top5": 83.23999786376953, "_timestamp": 1667364877.6717596, "_runtime": 705.6125226020813, "_step": 24, "_wandb": {"runtime": 705}}