{"train_acc": 66.77400207519531, "train_loss": 6.030813828735352, "test_acc": 53.959999084472656, "test_loss": 2.158365265274048, "test_acc_top5": 82.93000030517578, "_timestamp": 1667423250.2849846, "_runtime": 794.0719785690308, "_step": 24, "_wandb": {"runtime": 793}}