{"train_acc": 64.14399719238281, "train_loss": 6.641524985961914, "test_acc": 54.02000045776367, "test_loss": 2.026599105834961, "test_acc_top5": 82.25, "_timestamp": 1667437742.5727243, "_runtime": 447.6203713417053, "_step": 24, "_wandb": {"runtime": 447}}