{"train_acc": 63.02399826049805, "train_loss": 5.617755801544189, "test_acc": 54.5, "test_loss": 2.0453847299575805, "test_acc_top5": 81.54000091552734, "_timestamp": 1667384451.6013033, "_runtime": 498.95190024375916, "_step": 24, "_wandb": {"runtime": 498}}