{"train_acc": 62.625999450683594, "train_loss": 5.8571690232849125, "test_acc": 53.71999740600586, "test_loss": 1.980569637489319, "test_acc_top5": 82.07999420166016, "_timestamp": 1667402833.3036814, "_runtime": 1531.5768163204193, "_step": 24, "_wandb": {"runtime": 1531}}