{"train_acc": 63.236000061035156, "train_loss": 5.5677868927001954, "test_acc": 53.8599967956543, "test_loss": 2.06573672580719, "test_acc_top5": 82.25, "_timestamp": 1667379233.3931794, "_runtime": 419.80344438552856, "_step": 24, "_wandb": {"runtime": 418}}