{"train_acc": 63.50599670410156, "train_loss": 7.910486823730468, "test_acc": 55.13999938964844, "test_loss": 1.9690296297073364, "test_acc_top5": 83.5999984741211, "_timestamp": 1667407118.7989802, "_runtime": 452.7160723209381, "_step": 24, "_wandb": {"runtime": 452}}