{"train_acc": 64.2979965209961, "train_loss": 6.136861181945801, "test_acc": 55.29999923706055, "test_loss": 2.10650636177063, "test_acc_top5": 82.93999481201172, "_timestamp": 1667405330.8185964, "_runtime": 681.2350122928619, "_step": 24, "_wandb": {"runtime": 680}}