{"train_acc": 64.65599822998047, "train_loss": 2.980747558288574, "test_acc": 55.89999771118164, "test_loss": 2.0613464567184447, "test_acc_top5": 83.41999816894531, "_timestamp": 1667393717.7054613, "_runtime": 1005.2722682952881, "_step": 24, "_wandb": {"runtime": 1004}}