{"train_acc": 63.253997802734375, "train_loss": 5.581233141937256, "test_acc": 52.3599967956543, "test_loss": 2.240176142311096, "test_acc_top5": 81.04999542236328, "_timestamp": 1667387023.19196, "_runtime": 448.1437129974365, "_step": 24, "_wandb": {"runtime": 447}}