{"train_acc": 64.93399810791016, "train_loss": 5.586645867614746, "test_acc": 56.46999740600586, "test_loss": 1.7696288967132567, "test_acc_top5": 85.38999938964844, "_timestamp": 1667397060.2842941, "_runtime": 537.5916681289673, "_step": 24, "_wandb": {"runtime": 536}}