{"train_acc": 64.62200164794922, "train_loss": 6.093949478149414, "test_acc": 55.69999694824219, "test_loss": 2.0262826383590697, "test_acc_top5": 83.70999908447266, "_timestamp": 1667354631.0331109, "_runtime": 675.8353247642517, "_step": 24, "_wandb": {"runtime": 675}}