{"train_acc": 19.8179988861084, "train_loss": 88.09799726806641, "test_acc": 22.979999542236328, "test_loss": 3.1803234672546385, "test_acc_top5": 52.16999816894531, "_timestamp": 1667419699.236702, "_runtime": 585.9974799156189, "_step": 24, "_wandb": {"runtime": 585}}