{"train_acc": 63.205997467041016, "train_loss": 5.612021646118164, "test_acc": 53.779998779296875, "test_loss": 2.046883062171936, "test_acc_top5": 81.98999786376953, "_timestamp": 1667423739.0548487, "_runtime": 473.4370467662811, "_step": 24, "_wandb": {"runtime": 472}}