{"train_acc": 1.0, "train_loss": NaN, "test_acc": 1.0, "test_loss": NaN, "test_acc_top5": 5.0, "_timestamp": 1667417504.9112048, "_runtime": 1244.2554128170013, "_step": 24, "_wandb": {"runtime": 1243}}