{"train_acc": 65.18000030517578, "train_loss": 5.582258598327637, "test_acc": 57.46999740600586, "test_loss": 1.798851243019104, "test_acc_top5": 84.97999572753906, "_timestamp": 1667383104.514085, "_runtime": 558.5994110107422, "_step": 24, "_wandb": {"runtime": 557}}