{"train_acc": 63.20199966430664, "train_loss": 5.571845956420899, "test_acc": 54.18000030517578, "test_loss": 2.052589373207092, "test_acc_top5": 82.36000061035156, "_timestamp": 1667359113.0281758, "_runtime": 492.26992988586426, "_step": 24, "_wandb": {"runtime": 491}}