{"train_acc": 64.83599853515625, "train_loss": 5.579305946960449, "test_acc": 55.59000015258789, "test_loss": 1.9327976902008057, "test_acc_top5": 83.72000122070312, "_timestamp": 1667371721.9537234, "_runtime": 536.6476483345032, "_step": 24, "_wandb": {"runtime": 536}}