{"train_acc": 64.78399658203125, "train_loss": 5.882488493347168, "test_acc": 54.81999969482422, "test_loss": 1.9032444391250611, "test_acc_top5": 83.68000030517578, "_timestamp": 1667408471.0417113, "_runtime": 559.1662533283234, "_step": 24, "_wandb": {"runtime": 558}}