{"train_acc": 66.54199981689453, "train_loss": 6.040954139099121, "test_acc": 55.0099983215332, "test_loss": 2.09387940826416, "test_acc_top5": 84.6500015258789, "_timestamp": 1667366806.3123739, "_runtime": 1248.7326018810272, "_step": 24, "_wandb": {"runtime": 1247}}