{"train_acc": 66.53199768066406, "train_loss": 6.037426193084717, "test_acc": 54.19999694824219, "test_loss": 2.221595039176941, "test_acc_top5": 83.6199951171875, "_timestamp": 1667383938.916521, "_runtime": 822.7683401107788, "_step": 24, "_wandb": {"runtime": 822}}