{"train_acc": 64.7179946899414, "train_loss": 15.567458491210937, "test_acc": 54.79999923706055, "test_loss": 2.114542887878418, "test_acc_top5": 82.90999603271484, "_timestamp": 1667431999.090341, "_runtime": 782.2904741764069, "_step": 24, "_wandb": {"runtime": 781}}