{"train_acc": 62.26799774169922, "train_loss": 10.198893895568848, "test_acc": 47.77000045776367, "test_loss": 2.892605683326721, "test_acc_top5": 77.25, "_timestamp": 1667435969.0261006, "_runtime": 794.8597605228424, "_step": 24, "_wandb": {"runtime": 794}}