{"train_acc": 64.75199890136719, "train_loss": 5.605823483581543, "test_acc": 54.16999816894531, "test_loss": 1.9791986227035523, "test_acc_top5": 83.9000015258789, "_timestamp": 1667355152.8811402, "_runtime": 510.68783831596375, "_step": 24, "_wandb": {"runtime": 509}}