{"train_acc": 66.61399841308594, "train_loss": 6.043930523529053, "test_acc": 56.22999954223633, "test_loss": 2.096330408859253, "test_acc_top5": 83.94999694824219, "_timestamp": 1667378801.3900564, "_runtime": 745.7040104866028, "_step": 24, "_wandb": {"runtime": 745}}