{"train_acc": 65.07599639892578, "train_loss": 5.624899596710205, "test_acc": 55.02000045776367, "test_loss": 1.8455170904159546, "test_acc_top5": 83.54000091552734, "_timestamp": 1667380472.687534, "_runtime": 528.3501591682434, "_step": 24, "_wandb": {"runtime": 527}}