{"train_acc": 59.94599914550781, "train_loss": 8.775323701171875, "test_acc": 51.7599983215332, "test_loss": 2.099553487968445, "test_acc_top5": 79.97000122070312, "_timestamp": 1667428208.028431, "_runtime": 1530.4028639793396, "_step": 24, "_wandb": {"runtime": 1529}}