{"train_acc": 63.06999969482422, "train_loss": 5.72932147277832, "test_acc": 55.13999938964844, "test_loss": 1.9511874252319337, "test_acc_top5": 82.72000122070312, "_timestamp": 1667412385.519118, "_runtime": 449.0366849899292, "_step": 24, "_wandb": {"runtime": 448}}