{"train_acc": 66.3699951171875, "train_loss": 6.088923502197265, "test_acc": 57.30999755859375, "test_loss": 1.9197837421417236, "test_acc_top5": 84.72999572753906, "_timestamp": 1667363700.2521448, "_runtime": 771.8135406970978, "_step": 24, "_wandb": {"runtime": 771}}