{"train_acc": 66.29199981689453, "train_loss": 6.652013786468506, "test_acc": 54.78999710083008, "test_loss": 2.1094309093475343, "test_acc_top5": 83.25, "_timestamp": 1667437284.094278, "_runtime": 774.2444171905518, "_step": 24, "_wandb": {"runtime": 773}}