{"train_acc": 66.38399505615234, "train_loss": 6.528504624786377, "test_acc": 59.439998626708984, "test_loss": 1.7342877069473266, "test_acc_top5": 85.6500015258789, "_timestamp": 1667395172.3645031, "_runtime": 842.7050242424011, "_step": 24, "_wandb": {"runtime": 842}}