{"train_acc": 63.237998962402344, "train_loss": 5.587155233764649, "test_acc": 53.03999710083008, "test_loss": 2.1745040138244627, "test_acc_top5": 82.6500015258789, "_timestamp": 1667364158.03414, "_runtime": 446.0107231140137, "_step": 24, "_wandb": {"runtime": 445}}