{"train_acc": 63.327999114990234, "train_loss": 5.585920819396972, "test_acc": 54.57999801635742, "test_loss": 2.001459321975708, "test_acc_top5": 82.5999984741211, "_timestamp": 1667373015.1009634, "_runtime": 472.5017433166504, "_step": 24, "_wandb": {"runtime": 471}}