{"train_acc": 66.66999816894531, "train_loss": 6.032885982971192, "test_acc": 57.55999755859375, "test_loss": 1.9701871503829955, "test_acc_top5": 84.72000122070312, "_timestamp": 1667358607.8403394, "_runtime": 826.6677784919739, "_step": 24, "_wandb": {"runtime": 825}}