{"train_acc": 64.65999603271484, "train_loss": 6.147578460235596, "test_acc": 55.96999740600586, "test_loss": 2.0514136993408205, "test_acc_top5": 83.54000091552734, "_timestamp": 1667449822.5436018, "_runtime": 729.5236167907715, "_step": 24, "_wandb": {"runtime": 728}}