{"train_acc": 65.2760009765625, "train_loss": 6.574528899536133, "test_acc": 56.02000045776367, "test_loss": 2.2022875114440916, "test_acc_top5": 82.93000030517578, "_timestamp": 1667438456.817512, "_runtime": 703.5382649898529, "_step": 24, "_wandb": {"runtime": 702}}