{"train_acc": 66.04000091552734, "train_loss": 6.2863476794433595, "test_acc": 56.939998626708984, "test_loss": 1.9006752601623536, "test_acc_top5": 85.54000091552734, "_timestamp": 1667409309.9702802, "_runtime": 825.8434882164001, "_step": 24, "_wandb": {"runtime": 825}}