{"train_acc": 65.13800048828125, "train_loss": 5.560925134735108, "test_acc": 56.19999694824219, "test_loss": 1.784367584991455, "test_acc_top5": 84.54000091552734, "_timestamp": 1667428784.0032034, "_runtime": 486.4121162891388, "_step": 24, "_wandb": {"runtime": 485}}