{"train_acc": 63.317996978759766, "train_loss": 5.582255143127441, "test_acc": 54.8599967956543, "test_loss": 1.9490389043807983, "test_acc_top5": 83.00999450683594, "_timestamp": 1667404635.6788483, "_runtime": 423.1620533466339, "_step": 24, "_wandb": {"runtime": 422}}