{"train_acc": 64.79199981689453, "train_loss": 5.620951540222168, "test_acc": 54.29999923706055, "test_loss": 2.0239699724197386, "test_acc_top5": 83.43999481201172, "_timestamp": 1667447775.2102485, "_runtime": 536.6186385154724, "_step": 24, "_wandb": {"runtime": 535}}