{"train_acc": 66.697998046875, "train_loss": 6.037500694885254, "test_acc": 57.23999786376953, "test_loss": 1.895844563293457, "test_acc_top5": 84.8499984741211, "_timestamp": 1667404200.9628925, "_runtime": 745.1170175075531, "_step": 24, "_wandb": {"runtime": 744}}