{"train_acc": 64.8499984741211, "train_loss": 5.570952874755859, "test_acc": 52.6099967956543, "test_loss": 2.058721708488464, "test_acc_top5": 81.81999969482422, "_timestamp": 1667385776.074732, "_runtime": 515.3890409469604, "_step": 24, "_wandb": {"runtime": 514}}