{"train_acc": 64.30400085449219, "train_loss": 6.135431508789062, "test_acc": 53.15999984741211, "test_loss": 2.328870422935486, "test_acc_top5": 81.5199966430664, "_timestamp": 1667362382.3939865, "_runtime": 696.9459455013275, "_step": 24, "_wandb": {"runtime": 696}}