{"train_acc": 64.76599884033203, "train_loss": 6.070743901977539, "test_acc": 54.69999694824219, "test_loss": 2.1053403717041017, "test_acc_top5": 82.81999969482422, "_timestamp": 1667357190.6034172, "_runtime": 765.0213770866394, "_step": 24, "_wandb": {"runtime": 764}}