{"train_acc": 64.66600036621094, "train_loss": 6.108481844482422, "test_acc": 57.66999816894531, "test_loss": 1.9533055318832397, "test_acc_top5": 85.07999420166016, "_timestamp": 1667379930.1066513, "_runtime": 681.6121563911438, "_step": 24, "_wandb": {"runtime": 680}}