{"train_acc": 63.525997161865234, "train_loss": 5.5964450071716305, "test_acc": 54.14999771118164, "test_loss": 2.0301677295684812, "test_acc_top5": 83.04000091552734, "_timestamp": 1667381755.6061969, "_runtime": 454.28222393989563, "_step": 24, "_wandb": {"runtime": 453}}