{"train_acc": 58.6619987487793, "train_loss": 12.709254916381836, "test_acc": 52.39999771118164, "test_loss": 2.1963573705673216, "test_acc_top5": 80.73999786376953, "_timestamp": 1667435163.4835765, "_runtime": 493.676584482193, "_step": 24, "_wandb": {"runtime": 493}}