{"train_acc": 64.88800048828125, "train_loss": 5.592094366149903, "test_acc": 56.40999984741211, "test_loss": 1.8054340641021729, "test_acc_top5": 84.9000015258789, "_timestamp": 1667362915.108954, "_runtime": 516.9133958816528, "_step": 24, "_wandb": {"runtime": 516}}