{"train_acc": 64.6199951171875, "train_loss": 5.600114559631348, "test_acc": 52.75, "test_loss": 2.1335888538360597, "test_acc_top5": 82.72000122070312, "_timestamp": 1667360437.3035219, "_runtime": 510.8728427886963, "_step": 24, "_wandb": {"runtime": 510}}