{"train_acc": 67.88199615478516, "train_loss": 51.25417811035156, "test_acc": 57.04999923706055, "test_loss": 1.8677577611923217, "test_acc_top5": 84.77999877929688, "_timestamp": 1667431206.206549, "_runtime": 519.1220889091492, "_step": 24, "_wandb": {"runtime": 518}}