{"train_acc": 64.25799560546875, "train_loss": 6.186358517456054, "test_acc": 53.77000045776367, "test_loss": 2.2042450149536132, "test_acc_top5": 81.68000030517578, "_timestamp": 1667368389.921682, "_runtime": 1006.2571339607239, "_step": 24, "_wandb": {"runtime": 1005}}