{"train_acc": 64.36199951171875, "train_loss": 6.164541903839111, "test_acc": 54.3599967956543, "test_loss": 2.094457865524292, "test_acc_top5": 83.80999755859375, "_timestamp": 1667382535.1307726, "_runtime": 765.6095685958862, "_step": 24, "_wandb": {"runtime": 765}}