{"train_acc": 57.763999938964844, "train_loss": 27.550170888671875, "test_acc": 45.869998931884766, "test_loss": 2.4240851459503174, "test_acc_top5": 76.40999603271484, "_timestamp": 1667451996.4875004, "_runtime": 1941.600504398346, "_step": 24, "_wandb": {"runtime": 1940}}