{"train_acc": 66.37799835205078, "train_loss": 3.150043213043213, "test_acc": 55.89999771118164, "test_loss": 1.8911880916595458, "test_acc_top5": 84.68000030517578, "_timestamp": 1667392141.338583, "_runtime": 1244.6699640750885, "_step": 24, "_wandb": {"runtime": 1243}}