{"train_acc": 66.19999694824219, "train_loss": 6.1049321954345706, "test_acc": 56.3599967956543, "test_loss": 2.0689396816253662, "test_acc_top5": 84.37999725341797, "_timestamp": 1667381290.0416338, "_runtime": 804.9513847827911, "_step": 24, "_wandb": {"runtime": 804}}