{"train_acc": 62.97200012207031, "train_loss": 6.206394079437256, "test_acc": 53.47999954223633, "test_loss": 2.042260164642334, "test_acc_top5": 82.1500015258789, "_timestamp": 1667395714.4912808, "_runtime": 526.4113037586212, "_step": 24, "_wandb": {"runtime": 525}}