{"train_acc": 60.52799987792969, "train_loss": 18.06132625366211, "test_acc": 53.12999725341797, "test_loss": 2.2141260417938233, "test_acc_top5": 81.81999969482422, "_timestamp": 1667433244.6756542, "_runtime": 767.1223142147064, "_step": 24, "_wandb": {"runtime": 766}}