{"train_acc": 64.69200134277344, "train_loss": 5.596980828857422, "test_acc": 56.96999740600586, "test_loss": 1.7577077146530151, "test_acc_top5": 84.75, "_timestamp": 1667375908.7217429, "_runtime": 1940.9898018836975, "_step": 24, "_wandb": {"runtime": 1940}}