{"train_acc": 9.842000007629395, "train_loss": 830.4430696875, "test_acc": 9.969999313354492, "test_loss": 5.7951874313354494, "test_acc_top5": 29.739999771118164, "_timestamp": 1667445054.8524954, "_runtime": 593.2547755241394, "_step": 24, "_wandb": {"runtime": 592}}