{"train_acc": 63.75199890136719, "train_loss": 2.341743715133667, "test_acc": 54.39999771118164, "test_loss": 1.9681572832107543, "test_acc_top5": 83.29000091552734, "_timestamp": 1667392698.930535, "_runtime": 545.8059380054474, "_step": 24, "_wandb": {"runtime": 545}}