{"train_acc": 64.31800079345703, "train_loss": 6.163717204284668, "test_acc": 50.5099983215332, "test_loss": 2.657505849075317, "test_acc_top5": 80.00999450683594, "_timestamp": 1667371169.1231494, "_runtime": 779.8437623977661, "_step": 24, "_wandb": {"runtime": 779}}