{"train_acc": 66.51799774169922, "train_loss": 6.047560979003906, "test_acc": 55.13999938964844, "test_loss": 2.041176401138306, "test_acc_top5": 83.31999969482422, "_timestamp": 1667361217.5081885, "_runtime": 767.4080414772034, "_step": 24, "_wandb": {"runtime": 766}}