{"train_acc": 66.25599670410156, "train_loss": 6.0583304327392575, "test_acc": 56.0099983215332, "test_loss": 1.9693239055633545, "test_acc_top5": 85.07999420166016, "_timestamp": 1667369844.215166, "_runtime": 841.6769561767578, "_step": 24, "_wandb": {"runtime": 840}}