{"train_acc": 32.88199996948242, "train_loss": 58.09421416992188, "test_acc": 32.40999984741211, "test_loss": 3.1331523082733153, "test_acc_top5": 63.37999725341797, "_timestamp": 1667421887.0760908, "_runtime": 781.049724817276, "_step": 24, "_wandb": {"runtime": 779}}