{"train_acc": 63.145999908447266, "train_loss": 5.568647258300781, "test_acc": 53.78999710083008, "test_loss": 2.0893442554473878, "test_acc_top5": 81.75, "_timestamp": 1667361672.212782, "_runtime": 440.9593458175659, "_step": 24, "_wandb": {"runtime": 440}}