{"train_acc": 64.58999633789062, "train_loss": 6.129662021789551, "test_acc": 54.43000030517578, "test_loss": 2.2193036785125733, "test_acc_top5": 82.41999816894531, "_timestamp": 1667385247.3534863, "_runtime": 782.2095801830292, "_step": 24, "_wandb": {"runtime": 781}}