{"train_acc": 64.47000122070312, "train_loss": 6.138866070861816, "test_acc": 54.98999786376953, "test_loss": 2.1814454292297363, "test_acc_top5": 81.79999542236328, "_timestamp": 1667424484.1290371, "_runtime": 734.8929431438446, "_step": 24, "_wandb": {"runtime": 733}}