{"train_acc": 64.3699951171875, "train_loss": 5.629777608032226, "test_acc": 53.75, "test_loss": 1.925822904586792, "test_acc_top5": 83.57999420166016, "_timestamp": 1667403441.6602488, "_runtime": 489.313946723938, "_step": 24, "_wandb": {"runtime": 488}}